{"source":2,"revision":5,"description":null,"createdBy":{"displayName":"Jenny Popova","url":"https://spsprodweu2.vssps.visualstudio.com/A8f705af7-542d-4589-a54c-e2cd9914ffb5/_apis/Identities/4057e385-6823-615d-8740-a70197e361ef","_links":{"avatar":{"href":"https://dev.azure.com/evpopova/_apis/GraphProfile/MemberAvatars/aad.NDA1N2UzODUtNjgyMy03MTVkLTg3NDAtYTcwMTk3ZTM2MWVm"}},"id":"4057e385-6823-615d-8740-a70197e361ef","uniqueName":"evpopova@microsoft.com","imageUrl":"https://dev.azure.com/evpopova/_apis/GraphProfile/MemberAvatars/aad.NDA1N2UzODUtNjgyMy03MTVkLTg3NDAtYTcwMTk3ZTM2MWVm","descriptor":"aad.NDA1N2UzODUtNjgyMy03MTVkLTg3NDAtYTcwMTk3ZTM2MWVm"},"createdOn":"2022-03-09T14:07:46.770Z","modifiedBy":{"displayName":"Jenny Popova","url":"https://spsprodweu2.vssps.visualstudio.com/A8f705af7-542d-4589-a54c-e2cd9914ffb5/_apis/Identities/4057e385-6823-615d-8740-a70197e361ef","_links":{"avatar":{"href":"https://dev.azure.com/evpopova/_apis/GraphProfile/MemberAvatars/aad.NDA1N2UzODUtNjgyMy03MTVkLTg3NDAtYTcwMTk3ZTM2MWVm"}},"id":"4057e385-6823-615d-8740-a70197e361ef","uniqueName":"evpopova@microsoft.com","imageUrl":"https://dev.azure.com/evpopova/_apis/GraphProfile/MemberAvatars/aad.NDA1N2UzODUtNjgyMy03MTVkLTg3NDAtYTcwMTk3ZTM2MWVm","descriptor":"aad.NDA1N2UzODUtNjgyMy03MTVkLTg3NDAtYTcwMTk3ZTM2MWVm"},"modifiedOn":"2022-03-10T11:11:17.573Z","isDeleted":false,"lastRelease":{"id":4,"name":"Release-4","artifacts":[],"_links":{},"description":"Triggered by artifact source ProductReview-NaiveBayes.","releaseDefinition":{"id":1,"projectReference":null,"_links":{}},"createdOn":"2022-03-09T20:50:17.967Z","createdBy":{"displayName":"Microsoft.VisualStudio.Services.ReleaseManagement","id":"0000000d-0000-8888-8000-000000000000","uniqueName":"0000000d-0000-8888-8000-000000000000@2c895908-04e0-4952-89fd-54b0046d6288","descriptor":"s2s.MDAwMDAwMGQtMDAwMC04ODg4LTgwMDAtMDAwMDAwMDAwMDAwQDJjODk1OTA4LTA0ZTAtNDk1Mi04OWZkLTU0YjAwNDZkNjI4OA"}},"variables":{},"variableGroups":[],"environments":[{"id":1,"name":"Production","rank":1,"owner":{"displayName":"Jenny Popova","url":"https://spsprodweu2.vssps.visualstudio.com/A8f705af7-542d-4589-a54c-e2cd9914ffb5/_apis/Identities/4057e385-6823-615d-8740-a70197e361ef","_links":{"avatar":{"href":"https://dev.azure.com/evpopova/_apis/GraphProfile/MemberAvatars/aad.NDA1N2UzODUtNjgyMy03MTVkLTg3NDAtYTcwMTk3ZTM2MWVm"}},"id":"4057e385-6823-615d-8740-a70197e361ef","uniqueName":"evpopova@microsoft.com","imageUrl":"https://dev.azure.com/evpopova/_apis/GraphProfile/MemberAvatars/aad.NDA1N2UzODUtNjgyMy03MTVkLTg3NDAtYTcwMTk3ZTM2MWVm","descriptor":"aad.NDA1N2UzODUtNjgyMy03MTVkLTg3NDAtYTcwMTk3ZTM2MWVm"},"variables":{},"variableGroups":[],"preDeployApprovals":{"approvals":[{"rank":1,"isAutomated":false,"isNotificationOn":false,"approver":{"displayName":"Jenny Popova","url":"https://spsprodweu2.vssps.visualstudio.com/A8f705af7-542d-4589-a54c-e2cd9914ffb5/_apis/Identities/4057e385-6823-615d-8740-a70197e361ef","_links":{"avatar":{"href":"https://dev.azure.com/evpopova/_apis/GraphProfile/MemberAvatars/aad.NDA1N2UzODUtNjgyMy03MTVkLTg3NDAtYTcwMTk3ZTM2MWVm"}},"id":"4057e385-6823-615d-8740-a70197e361ef","uniqueName":"evpopova@microsoft.com","imageUrl":"https://dev.azure.com/evpopova/_apis/GraphProfile/MemberAvatars/aad.NDA1N2UzODUtNjgyMy03MTVkLTg3NDAtYTcwMTk3ZTM2MWVm","descriptor":"aad.NDA1N2UzODUtNjgyMy03MTVkLTg3NDAtYTcwMTk3ZTM2MWVm"},"id":4}],"approvalOptions":{"requiredApproverCount":null,"releaseCreatorCanBeApprover":true,"autoTriggeredAndPreviousEnvironmentApprovedCanBeSkipped":false,"enforceIdentityRevalidation":false,"timeoutInMinutes":0,"executionOrder":1}},"deployStep":{"id":2},"postDeployApprovals":{"approvals":[{"rank":1,"isAutomated":true,"isNotificationOn":false,"id":3}],"approvalOptions":{"requiredApproverCount":null,"releaseCreatorCanBeApprover":false,"autoTriggeredAndPreviousEnvironmentApprovedCanBeSkipped":false,"enforceIdentityRevalidation":false,"timeoutInMinutes":0,"executionOrder":2}},"deployPhases":[{"deploymentInput":{"parallelExecution":{"parallelExecutionType":0},"timeoutInMinutes":0,"jobCancelTimeoutInMinutes":1,"condition":"succeeded()","overrideInputs":{}},"rank":1,"phaseType":2,"name":"Agentless job","refName":null,"workflowTasks":[{"environment":{},"taskId":"6150909a-27fb-4ead-8de4-cbb91de82172","version":"0.*","name":"Invoke ML pipeline","refName":"","enabled":true,"alwaysRun":false,"continueOnError":false,"timeoutInMinutes":0,"retryCountOnTaskFailure":0,"definitionType":"task","overrideInputs":{},"condition":"succeeded()","inputs":{"connectedServiceName":"197e96ce-3ce8-4847-8c40-3ab18d40173c","PipelineId":"a8bfcf2a-7a5e-4e7c-89f2-4aa4d9146cb3","ExperimentName":"MLOps-Workshop ","PipelineParameters":""}}]}],"environmentOptions":{"emailNotificationType":"OnlyOnFailure","emailRecipients":"release.environment.owner;release.creator","skipArtifactsDownload":false,"timeoutInMinutes":0,"enableAccessToken":false,"publishDeploymentStatus":true,"badgeEnabled":false,"autoLinkWorkItems":false,"pullRequestDeploymentEnabled":false},"demands":[],"conditions":[{"name":"ReleaseStarted","conditionType":1,"value":""}],"executionPolicy":{"concurrencyCount":1,"queueDepthCount":0},"schedules":[],"currentRelease":{"id":4,"url":"https://vsrm.dev.azure.com/evpopova/e09d07e8-3da1-4d45-a0f2-7517e9041cc0/_apis/Release/releases/4","_links":{}},"retentionPolicy":{"daysToKeep":30,"releasesToKeep":3,"retainBuild":true},"processParameters":{},"properties":{"BoardsEnvironmentType":{"$type":"System.String","$value":"unmapped"},"LinkBoardsWorkItems":{"$type":"System.String","$value":"False"}},"preDeploymentGates":{"id":0,"gatesOptions":null,"gates":[]},"postDeploymentGates":{"id":0,"gatesOptions":null,"gates":[]},"environmentTriggers":[],"badgeUrl":"https://vsrm.dev.azure.com/evpopova/_apis/public/Release/badge/e09d07e8-3da1-4d45-a0f2-7517e9041cc0/1/1"}],"artifacts":[{"sourceId":"197e96ce-3ce8-4847-8c40-3ab18d40173c:ProductReview-NaiveBayes","type":"AzureMLMMS","alias":"_ProductReview-NaiveBayes","definitionReference":{"connection":{"id":"197e96ce-3ce8-4847-8c40-3ab18d40173c","name":"aml-ws-connector"},"defaultVersionType":{"id":"latestType","name":"Latest version for the specified models"},"definition":{"id":"ProductReview-NaiveBayes","name":"ProductReview-NaiveBayes"}},"isPrimary":true,"isRetained":false}],"triggers":[{"artifactAlias":"_ProductReview-NaiveBayes","triggerConditions":[],"triggerType":1}],"releaseNameFormat":"Release-$(rev:r)","tags":[],"properties":{"DefinitionCreationSource":{"$type":"System.String","$value":"ReleaseNew"},"IntegrateBoardsWorkItems":{"$type":"System.String","$value":"False"},"IntegrateJiraWorkItems":{"$type":"System.String","$value":"false"}},"id":1,"name":"AML-MLOps-In-a-Day-CD","path":"\\","projectReference":null,"url":"https://vsrm.dev.azure.com/evpopova/e09d07e8-3da1-4d45-a0f2-7517e9041cc0/_apis/Release/definitions/1","_links":{"self":{"href":"https://vsrm.dev.azure.com/evpopova/e09d07e8-3da1-4d45-a0f2-7517e9041cc0/_apis/Release/definitions/1"},"web":{"href":"https://dev.azure.com/evpopova/e09d07e8-3da1-4d45-a0f2-7517e9041cc0/_release?definitionId=1"}}}