{"options":[{"enabled":false,"definition":{"id":"5d58cc01-7c75-450c-be18-a388ddb129ec"},"inputs":{"branchFilters":"[\"+refs/heads/*\"]","additionalFields":"{}"}},{"enabled":false,"definition":{"id":"a9db38f9-9fdc-478c-b0f9-464221e58316"},"inputs":{"workItemType":"Issue","assignToRequestor":"true","additionalFields":"{}"}}],"variables":{"system.debug":{"value":"false","allowOverride":true}},"properties":{},"tags":[],"_links":{"self":{"href":"https://dev.azure.com/evpopova/e09d07e8-3da1-4d45-a0f2-7517e9041cc0/_apis/build/Definitions/8?revision=2"},"web":{"href":"https://dev.azure.com/evpopova/e09d07e8-3da1-4d45-a0f2-7517e9041cc0/_build/definition?definitionId=8"},"editor":{"href":"https://dev.azure.com/evpopova/e09d07e8-3da1-4d45-a0f2-7517e9041cc0/_build/designer?id=8&_a=edit-build-definition"},"badge":{"href":"https://dev.azure.com/evpopova/e09d07e8-3da1-4d45-a0f2-7517e9041cc0/_apis/build/status/8"}},"jobAuthorizationScope":1,"jobTimeoutInMinutes":60,"jobCancelTimeoutInMinutes":5,"badgeEnabled":true,"process":{"phases":[{"steps":[{"environment":{},"enabled":true,"continueOnError":false,"alwaysRun":false,"displayName":"Invoke ML pipeline","timeoutInMinutes":0,"retryCountOnTaskFailure":0,"condition":"succeeded()","task":{"id":"6150909a-27fb-4ead-8de4-cbb91de82172","versionSpec":"0.*","definitionType":"task"},"inputs":{"connectedServiceName":"197e96ce-3ce8-4847-8c40-3ab18d40173c","PipelineId":"539d28c0-b9e8-43ce-b5d0-c87ffdebf7bf","ExperimentName":"MLOps-Workshop","PipelineParameters":"\"key\": \"value\""}}],"name":"Agentless job","refName":"Job_2","condition":"succeeded()","target":{"executionOptions":{"type":0},"type":2},"jobAuthorizationScope":1}],"target":{"agentSpecification":{"identifier":"windows-2019"}},"type":1},"repository":{"properties":{"cleanOptions":"0","labelSources":"0","labelSourcesFormat":"$(build.buildNumber)","reportBuildStatus":"true","gitLfsSupport":"false","skipSyncSource":"false","checkoutNestedSubmodules":"false","fetchDepth":"0"},"id":"9811baa1-fec9-433e-825c-9fee9f0e7d46","type":"TfsGit","name":"AML-MLOps-In-a-Day","url":"https://evpopova@dev.azure.com/evpopova/AML-MLOps-In-a-Day/_git/AML-MLOps-In-a-Day","defaultBranch":"refs/heads/main","clean":"false","checkoutSubmodules":false},"processParameters":{},"quality":1,"authoredBy":{"displayName":"Jenny Popova","url":"https://spsprodweu2.vssps.visualstudio.com/A8f705af7-542d-4589-a54c-e2cd9914ffb5/_apis/Identities/4057e385-6823-615d-8740-a70197e361ef","_links":{"avatar":{"href":"https://dev.azure.com/evpopova/_apis/GraphProfile/MemberAvatars/aad.NDA1N2UzODUtNjgyMy03MTVkLTg3NDAtYTcwMTk3ZTM2MWVm"}},"id":"4057e385-6823-615d-8740-a70197e361ef","uniqueName":"evpopova@microsoft.com","imageUrl":"https://dev.azure.com/evpopova/_apis/GraphProfile/MemberAvatars/aad.NDA1N2UzODUtNjgyMy03MTVkLTg3NDAtYTcwMTk3ZTM2MWVm","descriptor":"aad.NDA1N2UzODUtNjgyMy03MTVkLTg3NDAtYTcwMTk3ZTM2MWVm"},"drafts":[],"queue":{"_links":{"self":{"href":"https://dev.azure.com/evpopova/_apis/build/Queues/36"}},"id":36,"name":"Azure Pipelines","url":"https://dev.azure.com/evpopova/_apis/build/Queues/36","pool":{"id":9,"name":"Azure Pipelines","isHosted":true}},"id":8,"name":"AML-MLOps-In-a-Day-CI","url":"https://dev.azure.com/evpopova/e09d07e8-3da1-4d45-a0f2-7517e9041cc0/_apis/build/Definitions/8?revision=2","uri":"vstfs:///Build/Definition/8","path":"\\","type":2,"queueStatus":0,"revision":2,"createdDate":"2022-03-09T15:39:43.340Z","project":{"id":"e09d07e8-3da1-4d45-a0f2-7517e9041cc0","name":"AML-MLOps-In-a-Day","url":"https://dev.azure.com/evpopova/_apis/projects/e09d07e8-3da1-4d45-a0f2-7517e9041cc0","state":1,"revision":39,"visibility":2,"lastUpdateTime":"2022-03-01T10:28:41.760Z"}}